{"cameraMode":{"drawMode":0,"name":"Shaded","section":"Shading Mode"},"sceneLighting":true,"audioPlay":false,"sceneViewState":{"m_AlwaysRefresh":false,"showFog":true,"showSkybox":true,"showFlares":true,"showImageEffects":true,"showParticleSystems":true,"showVisualEffectGraphs":true,"m_FxEnabled":true},"in2DMode":false,"pivot":{"x":21.753421783447267,"y":-167.98548889160157,"z":354.4358215332031},"rotation":{"x":-0.21020683646202088,"y":-0.01114905346184969,"z":0.0024007605388760568,"w":-0.9775437712669373},"size":218.95423889160157,"orthographic":false}